Run nr;Date;IC batch nr;Internal ctrl;IC SD;UCL=Ct+1SD;UCL=Ct+2SD;LCL=Ct-1SD;LCL=Ct-2SD;Remark;Run result
1;01/01/2025;241205062_IC;32,05;na;;;;;Testing new IC;
2;02/01/2025;241205062_IC;28,48;na;;;;;;
3;03/01/2025;241205062_IC;28,45;na;;;;;;
4;06/01/2025;241205062_IC;29,56;na;;;;;;
5;07/01/2025;241205062_IC;30,34;na;;;;;;
6;08/01/2025;241205062_IC;31,53;na;;;;;;
7;09/01/2025;241205062_IC;28,44;1,52;31,59;33,11;28,55;27,03; Calculated standard deviation from the 6 previous results from running the control.;Warning
8;10/01/2025;241205062_IC;28,64;1,52;31,59;33,11;28,55;27,03;;Passed
9;13/01/2025;241205062_IC;29,68;1,52;31,59;33,11;28,55;27,03;;Passed
10;14/01/2025;241205062_IC;28,52;1,52;31,59;33,11;28,55;27,03;;Warning
11;15/01/2025;241205062_IC;29,99;1,52;31,59;33,11;28,55;27,03;;Passed
12;16/01/2025;241205062_IC;30,75;1,52;31,59;33,11;28,55;27,03;;Passed
13;17/01/2025;241205062_IC;29,09;1,52;31,59;33,11;28,55;27,03;;Passed
14;20/01/2025;241205062_IC;31,39;1,52;31,59;33,11;28,55;27,03;;Passed
15;21/01/2025;241205062_IC;31,68;1,52;31,59;33,11;28,55;27,03;;Warning
16;22/01/2025;241205062_IC;31,98;1,52;31,59;33,11;28,55;27,03;;Warning
17;23/01/2025;241205062_IC;29,70;1,52;31,59;33,11;28,55;27,03;;Passed
18;24/01/2025;241205062_IC;29,86;1,52;31,59;33,11;28,55;27,03;;Passed
19;27/01/2025;241205062_IC;29,34;1,52;31,59;33,11;28,55;27,03;;Passed
20;28/01/2025;241205062_IC;29,63;1,23;31,59;33,11;28,55;27,03;Recalculate the SD and Calculate the control limit;Passed
21;29/01/2025;241205062_IC;28,08;1,23;31,59;33,11;28,55;27,03;;Warning
22;30/01/2025;241205062_IC;28,43;1,23;31,59;33,11;28,55;27,03;;Warning
23;31/01/2025;241205062_IC;28,69;1,23;31,59;33,11;28,55;27,03;;Passed
24;03/02/2025;241205062_IC;30,56;1,23;31,59;33,11;28,55;27,03;;Passed
25;04/02/2025;241205062_IC;30,43;1,23;31,59;33,11;28,55;27,03;;Passed
26;05/02/2025;241205062_IC;20,00;1,23;31,59;33,11;28,55;27,03;High positive sample in next well;Failed
27;06/02/2025;241205062_IC;29,72;1,23;31,59;33,11;28,55;27,03;;Passed
28;07/02/2025;241205062_IC;28,12;1,23;31,59;33,11;28,55;27,03;;Warning
29;10/02/2025;241205062_IC;31,30;1,23;31,59;33,11;28,55;27,03;;Passed
30;11/02/2025;241205062_IC;28,53;1,23;31,59;33,11;28,55;27,03;;Warning
31;12/02/2025;241205062_IC;28,33;1,23;31,59;33,11;28,55;27,03;;Warning
32;13/02/2025;241205062_IC;30,32;1,23;31,59;33,11;28,55;27,03;;Passed
33;14/02/2025;241205062_IC;29,20;1,23;31,59;33,11;28,55;27,03;;Passed
34;17/02/2025;241205062_IC;31,00;1,23;31,59;33,11;28,55;27,03;;Passed
35;18/02/2025;241205062_IC;28,31;1,23;31,59;33,11;28,55;27,03;;Warning
36;19/02/2025;241205062_IC;29,33;1,23;31,59;33,11;28,55;27,03;;Passed
37;20/02/2025;241205062_IC;29,04;1,23;31,59;33,11;28,55;27,03;;Passed
38;21/02/2025;241205062_IC;29,84;1,23;31,59;33,11;28,55;27,03;;Passed
39;24/02/2025;241205062_IC;29,47;1,23;31,59;33,11;28,55;27,03;;Passed
40;25/02/2025;241205062_IC;31,70;1,23;31,59;33,11;28,55;27,03;;Warning
41;26/02/2025;241205062_IC;31,88;1,23;31,59;33,11;28,55;27,03;;Warning
42;27/02/2025;241205062_IC;32,00;1,23;31,59;33,11;28,55;27,03;;Warning
43;28/02/2025;241205062_IC;32,24;1,23;31,59;33,11;28,55;27,03;;Warning
44;03/03/2025;241205062_IC;32,56;1,23;31,59;33,11;28,55;27,03;;Warning
45;04/03/2025;241205063_IC;28,98;1,58;;;;;New batch after 4 warnings;
46;05/03/2025;241205063_IC;29,74;1,48;;;;;;
47;06/03/2025;241205063_IC;31,78;1,44;;;;;;
48;07/03/2025;241205063_IC;29,71;1,34;;;;;;
49;10/03/2025;241205063_IC;31,49;1,35;;;;;;
50;11/03/2025;241205063_IC;28,68;1,25;;;;;;
51;12/03/2025;241205063_IC;28,50;1,29;31,35;32,64;28,78;27,49;Standard deviation calculated over 6 repeats;Warning
52;13/03/2025;241205063_IC;33,50;1,29;31,35;32,64;28,78;27,49;Pipeting error? Rest of assay looks fine. ;Failed
53;14/03/2025;241205063_IC;30,19;1,29;31,35;32,64;28,78;27,49;;Passed
54;17/03/2025;241205063_IC;31,51;1,29;31,35;32,64;28,78;27,49;;Warning
55;18/03/2025;241205063_IC;29,88;1,29;31,35;32,64;28,78;27,49;;Passed
56;19/03/2025;241205063_IC;29,42;1,29;31,35;32,64;28,78;27,49;;Passed
57;20/03/2025;241205063_IC;29,57;1,29;31,35;32,64;28,78;27,49;;Passed
58;21/03/2025;241205063_IC;29,14;1,29;31,35;32,64;28,78;27,49;;Passed
59;24/03/2025;241205063_IC;28,15;1,29;31,35;32,64;28,78;27,49;Who ate my lunch?! ;Warning
60;25/03/2025;241205063_IC;28,31;1,29;31,35;32,64;28,78;27,49;;Warning
61;26/03/2025;241205063_IC;30,58;1,29;31,35;32,64;28,78;27,49;;Passed
62;27/03/2025;241205063_IC;28,99;1,29;31,35;32,64;28,78;27,49;;Passed
63;28/03/2025;241205063_IC;29,20;1,29;31,35;32,64;28,78;27,49;;Passed
64;31/03/2025;241205063_IC;29,63;1,29;31,35;32,64;28,78;27,49;;Passed
65;01/04/2025;241205063_IC;28,39;1,29;31,35;32,64;28,78;27,49;;Warning
66;02/04/2025;241205063_IC;28,73;1,29;31,35;32,64;28,78;27,49;;Warning
67;03/04/2025;241205063_IC;30,53;0,74;31,35;32,64;28,78;27,49;;Passed
68;04/04/2025;241205063_IC;29,95;0,86;31,35;32,64;28,78;27,49;;Passed